-- phpMyAdmin SQL Dump
-- version 5.2.0
-- https://www.phpmyadmin.net/
--
-- Host: 127.0.0.1
-- Tempo de geração: 21-Mar-2024 às 23:05
-- Versão do servidor: 10.4.27-MariaDB
-- versão do PHP: 8.2.0

SET SQL_MODE = "NO_AUTO_VALUE_ON_ZERO";
START TRANSACTION;
SET time_zone = "+00:00";


/*!40101 SET @OLD_CHARACTER_SET_CLIENT=@@CHARACTER_SET_CLIENT */;
/*!40101 SET @OLD_CHARACTER_SET_RESULTS=@@CHARACTER_SET_RESULTS */;
/*!40101 SET @OLD_COLLATION_CONNECTION=@@COLLATION_CONNECTION */;
/*!40101 SET NAMES utf8mb4 */;

--
-- Banco de dados: `ecom_store`
--

-- --------------------------------------------------------

--
-- Estrutura da tabela `about_us`
--

CREATE TABLE `about_us` (
  `about_id` int(10) NOT NULL,
  `about_heading` text NOT NULL,
  `about_short_desc` text NOT NULL,
  `about_desc` text NOT NULL
) ENGINE=InnoDB DEFAULT CHARSET=latin1 COLLATE=latin1_swedish_ci;

--
-- Extraindo dados da tabela `about_us`
--

INSERT INTO `about_us` (`about_id`, `about_heading`, `about_short_desc`, `about_desc`) VALUES
(1, 'About Us - Our Story', '\r\nIt is a long established fact that a reader will be distracted by the readable content of a page when looking at its layout. The point of using Lorem Ipsum is that it has a more-or-less normal distribution of letters,\r\n', 'Rhone was the collective vision of a small group of weekday warriors. For years, we were frustrated by the lack of activewear designed for men and wanted something better. With that in mind, we set out to design premium apparel that is made for motion and engineered to endure.\r\n\r\nAdvanced materials and state of the art technology are combined with heritage craftsmanship to create a new standard in activewear. Every product tells a story of premium performance, reminding its wearer to push themselves physically without having to sacrifice comfort and style.\r\n\r\nBeyond our product offering, Rhone is founded on principles of progress and integrity. Just as we aim to become better as a company, we invite men everywhere to raise the bar and join us as we move Forever Forward.');

-- --------------------------------------------------------

--
-- Estrutura da tabela `admins`
--

CREATE TABLE `admins` (
  `admin_id` int(10) NOT NULL,
  `admin_name` varchar(255) NOT NULL,
  `admin_email` varchar(255) NOT NULL,
  `admin_pass` varchar(255) NOT NULL,
  `admin_image` text NOT NULL,
  `admin_contact` varchar(255) NOT NULL,
  `admin_country` text NOT NULL,
  `admin_job` varchar(255) NOT NULL,
  `admin_about` text NOT NULL
) ENGINE=InnoDB DEFAULT CHARSET=latin1 COLLATE=latin1_swedish_ci;

--
-- Extraindo dados da tabela `admins`
--

INSERT INTO `admins` (`admin_id`, `admin_name`, `admin_email`, `admin_pass`, `admin_image`, `admin_contact`, `admin_country`, `admin_job`, `admin_about`) VALUES
(2, 'Administrador', 'willian.yoshimi@gmail.com', 'senha123', 'user-profile-min.png', '14997280075', 'Brasil', 'Front-End Developer', ' ');

-- --------------------------------------------------------

--
-- Estrutura da tabela `bundle_product_relation`
--

CREATE TABLE `bundle_product_relation` (
  `rel_id` int(10) NOT NULL,
  `rel_title` varchar(255) NOT NULL,
  `product_id` int(10) NOT NULL,
  `bundle_id` int(10) NOT NULL
) ENGINE=InnoDB DEFAULT CHARSET=latin1 COLLATE=latin1_swedish_ci;

-- --------------------------------------------------------

--
-- Estrutura da tabela `cart`
--

CREATE TABLE `cart` (
  `p_id` int(10) NOT NULL,
  `ip_add` varchar(255) NOT NULL,
  `qty` int(10) NOT NULL,
  `p_price` varchar(255) NOT NULL,
  `size` text NOT NULL
) ENGINE=InnoDB DEFAULT CHARSET=latin1 COLLATE=latin1_swedish_ci;

-- --------------------------------------------------------

--
-- Estrutura da tabela `categories`
--

CREATE TABLE `categories` (
  `cat_id` int(10) NOT NULL,
  `cat_title` text NOT NULL,
  `cat_top` text NOT NULL,
  `cat_image` text NOT NULL
) ENGINE=InnoDB DEFAULT CHARSET=latin1 COLLATE=latin1_swedish_ci;

--
-- Extraindo dados da tabela `categories`
--

INSERT INTO `categories` (`cat_id`, `cat_title`, `cat_top`, `cat_image`) VALUES
(2, 'Cosméticos', 'no', 'cosmeticos.jpg'),
(3, 'Genéricos', 'no', 'genericos.jpg'),
(4, 'Similar', 'no', 'similar.jpg'),
(5, 'Referência', 'yes', 'referencia.jpg');

-- --------------------------------------------------------

--
-- Estrutura da tabela `contact_us`
--

CREATE TABLE `contact_us` (
  `contact_id` int(10) NOT NULL,
  `contact_email` text NOT NULL,
  `contact_heading` text NOT NULL,
  `contact_desc` text NOT NULL
) ENGINE=InnoDB DEFAULT CHARSET=latin1 COLLATE=latin1_swedish_ci;

--
-- Extraindo dados da tabela `contact_us`
--

INSERT INTO `contact_us` (`contact_id`, `contact_email`, `contact_heading`, `contact_desc`) VALUES
(1, 'ecomstore@mail.com', 'Contact  To Us', 'If you have any questions, please feel free to contact us, our customer service center is working for you 24/7.');

-- --------------------------------------------------------

--
-- Estrutura da tabela `coupons`
--

CREATE TABLE `coupons` (
  `coupon_id` int(10) NOT NULL,
  `product_id` int(10) NOT NULL,
  `coupon_title` varchar(255) NOT NULL,
  `coupon_price` varchar(255) NOT NULL,
  `coupon_code` varchar(255) NOT NULL,
  `coupon_limit` int(100) NOT NULL,
  `coupon_used` int(100) NOT NULL
) ENGINE=InnoDB DEFAULT CHARSET=latin1 COLLATE=latin1_swedish_ci;

--
-- Extraindo dados da tabela `coupons`
--

INSERT INTO `coupons` (`coupon_id`, `product_id`, `coupon_title`, `coupon_price`, `coupon_code`, `coupon_limit`, `coupon_used`) VALUES
(5, 8, 'Sale', '10', 'CASTRO', 2, 1),
(6, 14, 'Sale', '65', 'CODEASTRO', 3, 1);

-- --------------------------------------------------------

--
-- Estrutura da tabela `customers`
--

CREATE TABLE `customers` (
  `customer_id` int(10) NOT NULL,
  `customer_name` varchar(255) NOT NULL,
  `customer_email` varchar(255) NOT NULL,
  `customer_pass` varchar(255) NOT NULL,
  `customer_country` text NOT NULL,
  `customer_city` text NOT NULL,
  `customer_contact` varchar(255) NOT NULL,
  `customer_address` text NOT NULL,
  `customer_image` text NOT NULL,
  `customer_ip` varchar(255) NOT NULL,
  `customer_confirm_code` text NOT NULL
) ENGINE=InnoDB DEFAULT CHARSET=latin1 COLLATE=latin1_swedish_ci;

--
-- Extraindo dados da tabela `customers`
--

INSERT INTO `customers` (`customer_id`, `customer_name`, `customer_email`, `customer_pass`, `customer_country`, `customer_city`, `customer_contact`, `customer_address`, `customer_image`, `customer_ip`, `customer_confirm_code`) VALUES
(2, 'user', 'user@ave.com', '123', 'United State', 'New York', '0092334566931', 'new york', 'user.jpg', '::1', ''),
(3, 'Demo Customer', 'demo@customer.com', 'Password123', 'DemoCountry', 'DemoCity', '700000000', 'DemoAddress', 'sample_image.jpg', '::1', ''),
(4, 'Thomas', 'thomas@demo.com', 'Password123', 'One Country', 'One City', '777777777', '111 Address', 'sample_img360.png', '::1', '1427053935'),
(5, 'Fracis', 'test@customer.com', 'Password123', 'US', 'Demo City', '780000000', '112 Bleck Street', 'userav-min.png', '::1', '1634138674'),
(6, 'Sample Customer', 'customer@mail.com', 'Password123', 'Sample Country', 'Sample City', '7800000000', 'Sample Address', 'user-icn-min.png', '::1', '174829126'),
(7, 'willian yoshimi', 'willian.yoshimi@gmail.com', 'senha123', 'Brasil', 'Oscar Bressane', '1434571149', 'claudio gibim', 'baixados.png', '::1', '884597769');

-- --------------------------------------------------------

--
-- Estrutura da tabela `customer_orders`
--

CREATE TABLE `customer_orders` (
  `order_id` int(10) NOT NULL,
  `customer_id` int(10) NOT NULL,
  `due_amount` int(100) NOT NULL,
  `invoice_no` int(100) NOT NULL,
  `qty` int(10) NOT NULL,
  `size` text NOT NULL,
  `order_date` timestamp NOT NULL DEFAULT current_timestamp() ON UPDATE current_timestamp(),
  `order_status` text NOT NULL
) ENGINE=InnoDB DEFAULT CHARSET=latin1 COLLATE=latin1_swedish_ci;

-- --------------------------------------------------------

--
-- Estrutura da tabela `enquiry_types`
--

CREATE TABLE `enquiry_types` (
  `enquiry_id` int(10) NOT NULL,
  `enquiry_title` varchar(255) NOT NULL
) ENGINE=InnoDB DEFAULT CHARSET=latin1 COLLATE=latin1_swedish_ci;

--
-- Extraindo dados da tabela `enquiry_types`
--

INSERT INTO `enquiry_types` (`enquiry_id`, `enquiry_title`) VALUES
(1, 'Order and Delivery Support'),
(2, 'Technical Support'),
(3, 'Price Concern');

-- --------------------------------------------------------

--
-- Estrutura da tabela `manufacturers`
--

CREATE TABLE `manufacturers` (
  `manufacturer_id` int(10) NOT NULL,
  `manufacturer_title` text NOT NULL,
  `manufacturer_top` text NOT NULL,
  `manufacturer_image` text NOT NULL
) ENGINE=InnoDB DEFAULT CHARSET=latin1 COLLATE=latin1_swedish_ci;

--
-- Extraindo dados da tabela `manufacturers`
--

INSERT INTO `manufacturers` (`manufacturer_id`, `manufacturer_title`, `manufacturer_top`, `manufacturer_image`) VALUES
(2, 'SCHRAIBER', 'no', 'logo_schraiber.png'),
(3, 'Neo-Quimica', 'no', 'neoquimica.jpg'),
(4, 'Jhonson & Jhonson', 'no', 'jnj.png'),
(5, 'Legrand', 'no', 'legrand.png'),
(7, 'Teuto', 'no', 'Teuto_logo.jpg'),
(8, 'nivea', 'no', 'images.png');

-- --------------------------------------------------------

--
-- Estrutura da tabela `payments`
--

CREATE TABLE `payments` (
  `payment_id` int(10) NOT NULL,
  `invoice_no` int(10) NOT NULL,
  `amount` int(10) NOT NULL,
  `payment_mode` text NOT NULL,
  `ref_no` int(10) NOT NULL,
  `code` int(10) NOT NULL,
  `payment_date` text NOT NULL
) ENGINE=InnoDB DEFAULT CHARSET=latin1 COLLATE=latin1_swedish_ci;

--
-- Extraindo dados da tabela `payments`
--

INSERT INTO `payments` (`payment_id`, `invoice_no`, `amount`, `payment_mode`, `ref_no`, `code`, `payment_date`) VALUES
(2, 1607603019, 447, 'UBL/Omni', 5678, 33, '11/1/2016'),
(3, 314788500, 345, 'UBL/Omni', 443, 865, '11/1/2016'),
(4, 6906, 400, 'Western Union', 101025780, 696950, 'January 1'),
(5, 10023, 20, 'Bank Code', 1000010101, 6969, '09/14/2021'),
(6, 69088, 100, 'Bank Code', 1010101022, 88669, '09/14/2021'),
(7, 1835758347, 480, 'Western Union', 1785002101, 66990, '09-04-2021'),
(8, 1835758347, 480, 'Bank Code', 1012125550, 66500, '09-14-2021'),
(9, 1144520, 480, 'Bank Code', 1025000020, 66990, '09-14-2021'),
(10, 2145000000, 480, 'Bank Code', 2147483647, 66580, '09-14-2021'),
(20, 858195683, 100, 'Bank Code', 1400256000, 47850, '09-13-2021'),
(21, 2138906686, 120, 'Bank Code', 1455000020, 202020, '09-13-2021'),
(22, 2138906686, 120, 'Bank Code', 1450000020, 202020, '09-15-2021'),
(23, 361540113, 180, 'Western Union', 1470000020, 12001, '09-15-2021'),
(24, 361540113, 180, 'UBL/Omni', 1258886650, 200, '09-15-2021'),
(25, 901707655, 245, 'Western Union', 1200002588, 88850, '09-15-2021'),
(26, 1154140582, 18, 'Bank Code', 5416, 33333333, '20/03/2024');

-- --------------------------------------------------------

--
-- Estrutura da tabela `pending_orders`
--

CREATE TABLE `pending_orders` (
  `order_id` int(10) NOT NULL,
  `customer_id` int(10) NOT NULL,
  `invoice_no` int(10) NOT NULL,
  `product_id` text NOT NULL,
  `qty` int(10) NOT NULL,
  `size` text NOT NULL,
  `order_status` text NOT NULL
) ENGINE=InnoDB DEFAULT CHARSET=latin1 COLLATE=latin1_swedish_ci;

--
-- Extraindo dados da tabela `pending_orders`
--

INSERT INTO `pending_orders` (`order_id`, `customer_id`, `invoice_no`, `product_id`, `qty`, `size`, `order_status`) VALUES
(36, 7, 1154140582, '20', 1, '', 'Complete');

-- --------------------------------------------------------

--
-- Estrutura da tabela `products`
--

CREATE TABLE `products` (
  `product_id` int(10) NOT NULL,
  `p_cat_id` int(10) NOT NULL,
  `cat_id` int(10) NOT NULL,
  `manufacturer_id` int(10) NOT NULL,
  `date` timestamp NOT NULL DEFAULT current_timestamp() ON UPDATE current_timestamp(),
  `product_title` text NOT NULL,
  `product_url` text NOT NULL,
  `product_img1` text NOT NULL,
  `product_img2` text NOT NULL,
  `product_img3` text NOT NULL,
  `product_price` decimal(10,2) NOT NULL,
  `product_psp_price` decimal(10,2) NOT NULL,
  `product_desc` text NOT NULL,
  `product_features` text NOT NULL,
  `product_video` text NOT NULL,
  `product_keywords` text NOT NULL,
  `product_label` text NOT NULL,
  `status` varchar(255) NOT NULL
) ENGINE=InnoDB DEFAULT CHARSET=latin1 COLLATE=latin1_swedish_ci;

--
-- Extraindo dados da tabela `products`
--

INSERT INTO `products` (`product_id`, `p_cat_id`, `cat_id`, `manufacturer_id`, `date`, `product_title`, `product_url`, `product_img1`, `product_img2`, `product_img3`, `product_price`, `product_psp_price`, `product_desc`, `product_features`, `product_video`, `product_keywords`, `product_label`, `status`) VALUES
(5, 7, 2, 2, '2024-03-21 02:21:06', 'Vitamina D ', 'product-url-5', 'vitad.jpg', 'vitaminad.jpg', 'suplemento_de_vitamina_d_2000_ui_2547_2_cc946cfa8088564b929d0685340640f2.webp', 55, 55, '\r\n\r\n\r\n\r\n\r\n\r\n\r\n\r\n\r\n\r\nA vitamina D 2000 UI  é um hormônio lipossolúvel essencial para o corpo humano e sua ausência pode proporcionar uma série de complicações. Afinal, ela controla 270 genes, inclusive células do sistema cardiovascular.\r\n \r\nA principal fonte de produção da vitamina se dá por meio da exposição solar, pois os raios ultravioletas do tipo B (UVB) são capazes de ativar a síntese desta substância. Alguns alimentos, especialmente peixes gordos, são fontes de vitamina D, mas é o sol o responsável por 80 a 90% da vitamina que o corpo recebe.\r\n \r\nEla também pode ser produzida em laboratório e ser administrada na forma de suplemento, quando há a deficiência e para a prevenção e tratamento de uma série de doenças.\r\n \r\nEsta substância ainda age na secreção hormonal e em diversas doenças crônicas não transmissíveis, entre elas a síndrome metabólica que tem como um dos componentes o diabetes tipo 2.\r\n \r\nA vitamina D é necessária para a manutenção do tecido ósseo, ela também influencia consideravelmente no sistema imunológico, sendo interessante para o tratamento de doenças autoimunes, como a artrite reumatoide e a esclerose múltipla, e no processo de diferenciação celular.\r\n \r\nApresentação: Frasco 60 cápsulas de 430mg.\r\n \r\nRecomendação de  uso: ingerir  1 cápsula ao dia\r\n\r\n\r\n\r\n\r\n\r\n\r\n\r\n\r\n\r\n\r\n\r\n\r\n\r\n\r\n\r\n\r\n\r\n\r\n\r\n\r\n', '\r\n\r\n\r\n\r\n\r\n\r\n\r\n\r\n\r\nIngredientes: Óleo de girassol, colecalciferol e antioxidante dl-alfa tocoferol.\r\nComposição da capsula: Gelatina, água purificada, umectante glicerina e corante natural cúrcuma. Não Contem Glúten.\r\n\r\n\r\n\r\n\r\n\r\n\r\n\r\n\r\n\r\n\r\n\r\n\r\n\r\n\r\n\r\n\r\n\r\n\r\n\r\n\r\n\r\n', '\r\n\r\n\r\n\r\n\r\n\r\n\r\n\r\n\r\n\r\n\r\n\r\n\r\n\r\n\r\n\r\n\r\n\r\n\r\n\r\n\r\n\r\n\r\n\r\n\r\n\r\n\r\n\r\n\r\n\r\n\r\n\r\n\r\n\r\n', 'vitamina D', 'Produto', 'product'),
(16, 6, 3, 3, '2024-03-15 01:28:46', 'Dipirona', 'product-url-1', 'dipirona 1.jpg', 'dipirona neo quimica R$ 4,99.jpg', 'dipirona.jpg', 4, 4, '\r\n\r\n\r\n\r\n', '\r\n\r\n\r\n\r\n', '\r\n\r\n\r\n\r\n', 'antipirético', 'Produto', 'product'),
(17, 4, 5, 4, '2024-03-15 01:42:06', 'Hipoglós', 'product-url-2', 'hipoglos erifarma 49,90.jpg', 'hipoglos.jpg', 'hipoglos1.jpg', 49, 49, '\r\n\r\n\r\n\r\n', '\r\n\r\n\r\n\r\n', '\r\n\r\n\r\n\r\n', 'pomada', 'Produto', 'product'),
(18, 8, 4, 5, '2024-03-15 01:52:17', 'Expec', 'product-url-3', 'expec 32.jpg', 'expec.jpg', 'expec1.jpg', 32, 32, '\r\n\r\n\r\n\r\n', '\r\n\r\n\r\n\r\n', '\r\n\r\n\r\n\r\n', 'Xarope', 'Produto', 'product'),
(19, 9, 3, 7, '2024-03-07 00:44:43', 'Omeprazol', 'product-url-4', 'gomeprazol-20-mg-56-caps.jpg', 'omeprazol-20mg-c28caps-100.jpg', 'gomeprazol-20-mg-56-caps.jpg', 12, 12, '\r\n\r\n', '\r\n\r\n', '\r\n\r\n', 'omeprazol', 'Produto', 'product'),
(20, 5, 2, 8, '2024-03-15 01:32:28', 'Nivea', 'product-url-6', 'creme.jpg', 'nivea.jpg', 'nivea1.jpg', 18, 18, '\r\n\r\n\r\n\r\n', '\r\n\r\n\r\n\r\n', '\r\n\r\n\r\n\r\n', 'creme', 'Produto', 'product');

-- --------------------------------------------------------

--
-- Estrutura da tabela `product_categories`
--

CREATE TABLE `product_categories` (
  `p_cat_id` int(10) NOT NULL,
  `p_cat_title` text NOT NULL,
  `p_cat_top` text NOT NULL,
  `p_cat_image` text NOT NULL
) ENGINE=InnoDB DEFAULT CHARSET=latin1 COLLATE=latin1_swedish_ci;

--
-- Extraindo dados da tabela `product_categories`
--

INSERT INTO `product_categories` (`p_cat_id`, `p_cat_title`, `p_cat_top`, `p_cat_image`) VALUES
(4, 'Pomadas', 'no', 'pomada.jpg'),
(5, 'Cremes', 'no', 'creme.jpg'),
(6, 'Gotas', 'no', 'gotas.jpg'),
(7, 'comprimidos', 'yes', 'comprimido.jpg'),
(8, 'Xarope', 'no', 'xarope.jpg'),
(9, 'Cápsulas', 'no', 'blue_white_capsules.jpg');

-- --------------------------------------------------------

--
-- Estrutura da tabela `store`
--

CREATE TABLE `store` (
  `store_id` int(10) NOT NULL,
  `store_title` varchar(255) NOT NULL,
  `store_image` varchar(255) NOT NULL,
  `store_desc` text NOT NULL,
  `store_button` varchar(255) NOT NULL,
  `store_url` varchar(255) NOT NULL
) ENGINE=InnoDB DEFAULT CHARSET=latin1 COLLATE=latin1_swedish_ci;

--
-- Extraindo dados da tabela `store`
--

INSERT INTO `store` (`store_id`, `store_title`, `store_image`, `store_desc`, `store_button`, `store_url`) VALUES
(4, 'London Store', 'store (3).jpg', '<p style=\"text-align: center;\"><strong>180-182 RECENTS STREET, LONDON, W1B 5BT</strong></p>\r\n<p>Lorem ipsum dolor sit amet, consectetur adipiscing elit. Ut libero erat, aliquet eget mauris ut, dictum sagittis libero. Nam at dui dapibus, semper dolor ac, malesuada mi. Duis quis lobortis arcu. Vivamus sed sodales orci, non varius dolor.</p>', 'View Map', 'http://www.thedailylux.com/ecommerce'),
(5, 'New York Store', 'store (1).png', '<p style=\"text-align: center;\"><strong>109 COLUMBUS CIRCLE, NEW YORK, NY10023</strong></p>\r\n<p>Lorem ipsum dolor sit amet, consectetur adipiscing elit. Ut libero erat, aliquet eget mauris ut, dictum sagittis libero. Nam at dui dapibus, semper dolor ac, malesuada mi. Duis quis lobortis arcu. Vivamus sed sodales orci, non varius dolor.</p>', 'View Map', 'http://www.thedailylux.com/ecommerce'),
(6, 'Paris Store', 'store (2).jpg', '<p style=\"text-align: center;\"><strong>2133 RUE SAINT-HONORE, 75001 PARIS&nbsp;</strong></p>\r\n<p>Lorem ipsum dolor sit amet, consectetur adipiscing elit. Ut libero erat, aliquet eget mauris ut, dictum sagittis libero. Nam at dui dapibus, semper dolor ac, malesuada mi. Duis quis lobortis arcu. Vivamus sed sodales orci, non varius dolor.</p>', 'View Map', 'http://www.thedailylux.com/ecommerce');

-- --------------------------------------------------------

--
-- Estrutura da tabela `terms`
--

CREATE TABLE `terms` (
  `term_id` int(10) NOT NULL,
  `term_title` varchar(100) NOT NULL,
  `term_link` varchar(100) NOT NULL,
  `term_desc` text NOT NULL
) ENGINE=InnoDB DEFAULT CHARSET=latin1 COLLATE=latin1_swedish_ci;

--
-- Extraindo dados da tabela `terms`
--

INSERT INTO `terms` (`term_id`, `term_title`, `term_link`, `term_desc`) VALUES
(1, 'Rules And Regulations', 'rules', '<p>Contrary to popular belief, Lorem Ipsum is not simply random text. It has roots in a piece of classical Latin literature from 45 BC, making it over 2000 years old. Richard McClintock, a Latin professor at Hampden-Sydney College in Virginia, looked up one of the more obscure Latin words, consectetur, from a Lorem Ipsum passage, and going through the cites of the word in classical literature, discovered the undoubtable source. Lorem Ipsum comes from sections 1.10.32 and 1.10.33 of \"de Finibus Bonorum et Malorum\" (The Extremes of Good and Evil) by Cicero, written in 45 BC. This book is a treatise on the theory of ethics, very popular during the Renaissance.&nbsp;</p>'),
(2, 'Refund Policy', 'link2', 'It is a long established fact that a reader will be distracted by the readable content of a page when looking at its layout. The point of using Lorem Ipsum is that it has a more-or-less normal distribution of letters, as opposed to using \'Content here, content here\', making it look like readable English. Many desktop publishing packages and web page editors now use Lorem Ipsum as their default model text, and a search for \'lorem ipsum\' will uncover many web sites still in their infancy. Various versions have evolved over the years, sometimes by accident, sometimes on purpose (injected humour and the like).Why do we use it?It is a long established fact that a reader will be distracted by the readable content of a page when looking at its layout. The point of using Lorem Ipsum is that it has a more-or-less normal distribution of letters, as opposed to using \'Content here, content here\', making it look like readable English. Many desktop publishing packages and web page editors now use Lorem Ipsum as their default model text, and a search for \'lorem ipsum\' will uncover many web sites still in their infancy. Various versions have evolved over the years, sometimes by accident, sometimes on'),
(3, 'Pricing and Promotions Policy', 'link3', 'It is a long established fact that a reader will be distracted by the readable content of a page when looking at its layout. The point of using Lorem Ipsum is that it has a more-or-less normal distribution of letters, as opposed to using \'Content here, content here\', making it look like readable English. Many desktop publishing packages and web page editors now use Lorem Ipsum as their default model text, and a search for \'lorem ipsum\' will uncover many web sites still in their infancy. Various versions have evolved over the years, sometimes by accident, sometimes on purpose (injected humour and the like).Why do we use it?It is a long established fact that a reader will be distracted by the readable content of a page when looking at its layout. The point of using Lorem Ipsum is that it has a more-or-less normal distribution of letters, as opposed to using \'Content here, content here\', making it look like readable English. Many desktop publishing packages and web page editors now use Lorem Ipsum as their default model text, and a search for \'lorem ipsum\' will uncover many web sites still in their infancy. Various versions have evolved over the years, sometimes by accident, sometimes on');

-- --------------------------------------------------------

--
-- Estrutura da tabela `wishlist`
--

CREATE TABLE `wishlist` (
  `wishlist_id` int(10) NOT NULL,
  `customer_id` int(10) NOT NULL,
  `product_id` int(10) NOT NULL
) ENGINE=InnoDB DEFAULT CHARSET=latin1 COLLATE=latin1_swedish_ci;

--
-- Extraindo dados da tabela `wishlist`
--

INSERT INTO `wishlist` (`wishlist_id`, `customer_id`, `product_id`) VALUES
(2, 2, 8),
(3, 5, 13),
(4, 3, 13),
(5, 6, 15),
(6, 7, 19);

--
-- Índices para tabelas despejadas
--

--
-- Índices para tabela `about_us`
--
ALTER TABLE `about_us`
  ADD PRIMARY KEY (`about_id`);

--
-- Índices para tabela `admins`
--
ALTER TABLE `admins`
  ADD PRIMARY KEY (`admin_id`);

--
-- Índices para tabela `bundle_product_relation`
--
ALTER TABLE `bundle_product_relation`
  ADD PRIMARY KEY (`rel_id`);

--
-- Índices para tabela `cart`
--
ALTER TABLE `cart`
  ADD PRIMARY KEY (`p_id`);

--
-- Índices para tabela `categories`
--
ALTER TABLE `categories`
  ADD PRIMARY KEY (`cat_id`);

--
-- Índices para tabela `contact_us`
--
ALTER TABLE `contact_us`
  ADD PRIMARY KEY (`contact_id`);

--
-- Índices para tabela `coupons`
--
ALTER TABLE `coupons`
  ADD PRIMARY KEY (`coupon_id`);

--
-- Índices para tabela `customers`
--
ALTER TABLE `customers`
  ADD PRIMARY KEY (`customer_id`);

--
-- Índices para tabela `customer_orders`
--
ALTER TABLE `customer_orders`
  ADD PRIMARY KEY (`order_id`);

--
-- Índices para tabela `enquiry_types`
--
ALTER TABLE `enquiry_types`
  ADD PRIMARY KEY (`enquiry_id`);

--
-- Índices para tabela `manufacturers`
--
ALTER TABLE `manufacturers`
  ADD PRIMARY KEY (`manufacturer_id`);

--
-- Índices para tabela `payments`
--
ALTER TABLE `payments`
  ADD PRIMARY KEY (`payment_id`);

--
-- Índices para tabela `pending_orders`
--
ALTER TABLE `pending_orders`
  ADD PRIMARY KEY (`order_id`);

--
-- Índices para tabela `products`
--
ALTER TABLE `products`
  ADD PRIMARY KEY (`product_id`);

--
-- Índices para tabela `product_categories`
--
ALTER TABLE `product_categories`
  ADD PRIMARY KEY (`p_cat_id`);

--
-- Índices para tabela `store`
--
ALTER TABLE `store`
  ADD PRIMARY KEY (`store_id`);

--
-- Índices para tabela `terms`
--
ALTER TABLE `terms`
  ADD PRIMARY KEY (`term_id`);

--
-- Índices para tabela `wishlist`
--
ALTER TABLE `wishlist`
  ADD PRIMARY KEY (`wishlist_id`);

--
-- AUTO_INCREMENT de tabelas despejadas
--

--
-- AUTO_INCREMENT de tabela `about_us`
--
ALTER TABLE `about_us`
  MODIFY `about_id` int(10) NOT NULL AUTO_INCREMENT, AUTO_INCREMENT=2;

--
-- AUTO_INCREMENT de tabela `admins`
--
ALTER TABLE `admins`
  MODIFY `admin_id` int(10) NOT NULL AUTO_INCREMENT, AUTO_INCREMENT=3;

--
-- AUTO_INCREMENT de tabela `bundle_product_relation`
--
ALTER TABLE `bundle_product_relation`
  MODIFY `rel_id` int(10) NOT NULL AUTO_INCREMENT;

--
-- AUTO_INCREMENT de tabela `categories`
--
ALTER TABLE `categories`
  MODIFY `cat_id` int(10) NOT NULL AUTO_INCREMENT, AUTO_INCREMENT=6;

--
-- AUTO_INCREMENT de tabela `contact_us`
--
ALTER TABLE `contact_us`
  MODIFY `contact_id` int(10) NOT NULL AUTO_INCREMENT, AUTO_INCREMENT=2;

--
-- AUTO_INCREMENT de tabela `coupons`
--
ALTER TABLE `coupons`
  MODIFY `coupon_id` int(10) NOT NULL AUTO_INCREMENT, AUTO_INCREMENT=7;

--
-- AUTO_INCREMENT de tabela `customers`
--
ALTER TABLE `customers`
  MODIFY `customer_id` int(10) NOT NULL AUTO_INCREMENT, AUTO_INCREMENT=8;

--
-- AUTO_INCREMENT de tabela `customer_orders`
--
ALTER TABLE `customer_orders`
  MODIFY `order_id` int(10) NOT NULL AUTO_INCREMENT, AUTO_INCREMENT=37;

--
-- AUTO_INCREMENT de tabela `enquiry_types`
--
ALTER TABLE `enquiry_types`
  MODIFY `enquiry_id` int(10) NOT NULL AUTO_INCREMENT, AUTO_INCREMENT=4;

--
-- AUTO_INCREMENT de tabela `manufacturers`
--
ALTER TABLE `manufacturers`
  MODIFY `manufacturer_id` int(10) NOT NULL AUTO_INCREMENT, AUTO_INCREMENT=9;

--
-- AUTO_INCREMENT de tabela `payments`
--
ALTER TABLE `payments`
  MODIFY `payment_id` int(10) NOT NULL AUTO_INCREMENT, AUTO_INCREMENT=27;

--
-- AUTO_INCREMENT de tabela `pending_orders`
--
ALTER TABLE `pending_orders`
  MODIFY `order_id` int(10) NOT NULL AUTO_INCREMENT, AUTO_INCREMENT=37;

--
-- AUTO_INCREMENT de tabela `products`
--
ALTER TABLE `products`
  MODIFY `product_id` int(10) NOT NULL AUTO_INCREMENT, AUTO_INCREMENT=21;

--
-- AUTO_INCREMENT de tabela `product_categories`
--
ALTER TABLE `product_categories`
  MODIFY `p_cat_id` int(10) NOT NULL AUTO_INCREMENT, AUTO_INCREMENT=10;

--
-- AUTO_INCREMENT de tabela `store`
--
ALTER TABLE `store`
  MODIFY `store_id` int(10) NOT NULL AUTO_INCREMENT, AUTO_INCREMENT=7;

--
-- AUTO_INCREMENT de tabela `terms`
--
ALTER TABLE `terms`
  MODIFY `term_id` int(10) NOT NULL AUTO_INCREMENT, AUTO_INCREMENT=4;

--
-- AUTO_INCREMENT de tabela `wishlist`
--
ALTER TABLE `wishlist`
  MODIFY `wishlist_id` int(10) NOT NULL AUTO_INCREMENT, AUTO_INCREMENT=7;
COMMIT;

/*!40101 SET CHARACTER_SET_CLIENT=@OLD_CHARACTER_SET_CLIENT */;
/*!40101 SET CHARACTER_SET_RESULTS=@OLD_CHARACTER_SET_RESULTS */;
/*!40101 SET COLLATION_CONNECTION=@OLD_COLLATION_CONNECTION */;
